Creation,MergeTime,id,isPr,N. of Comments,Closed,N. Labels,author, labelStatus, lastUpdateTime, milestoneTitle, Repository
1634659763,NA,35736,1,4,0,8,bsunanda,NNNNNPNNNPNNNNNNPSPNN,1634661334,CMSSW_12_1_X,cms-sw/cmssw
1634657192,NA,35734,1,6,0,4,abhih1,NNNNNPNNNNNNNNNNNSNNN,1634660380,CMSSW_12_0_X,cms-sw/cmssw
1634648320,NA,35733,1,4,0,5,quark2,NNNNNPNNNNNNNNNNNANNN,1634664386,CMSSW_12_1_X,cms-sw/cmssw
1634645720,NA,35732,1,17,0,6,civanch,NNPNNNNNNNNNNNNNPRNNN,1634667185,CMSSW_12_1_X,cms-sw/cmssw
1634641212,NA,35731,1,12,0,8,mmusich,ANNNANNNNNNNNNNNNAPNN,1634665026,CMSSW_12_1_X,cms-sw/cmssw
1634638596,NA,35730,1,5,0,5,bsunanda,NNNNNNNNNNNNNNNNPANNN,1634658686,CMSSW_12_1_X,cms-sw/cmssw
1634626859,NA,35728,1,16,0,5,rovere,NNNNNANNNNNNNNNNNANNN,1634658820,CMSSW_12_1_X,cms-sw/cmssw
1634625205,NA,35727,1,8,0,8,rovere,NNNNNNNNNNNNNNNPNSPNN,1634650726,CMSSW_12_1_X,cms-sw/cmssw
1634607005,NA,35724,1,4,0,5,mcitron,NNNNNNNNNNNPNNNNNPNNN,1634614785,CMSSW_12_1_X,cms-sw/cmssw
1634598469,NA,35722,1,7,0,5,makortel,NNNNNNNNNNNPNNNNNSNNN,1634658360,CMSSW_12_1_X,cms-sw/cmssw
1634584656,NA,35721,1,4,0,6,mmusich,NNNNNNNNNNNNNPNPNPNNN,1634661952,CMSSW_12_1_X,cms-sw/cmssw
1634577186,NA,35719,1,16,0,5,hyunyong,PNNNNNNNNNNNNNNNNRNNN,1634665889,CMSSW_12_1_X,cms-sw/cmssw
1634567738,NA,35717,1,4,0,5,dildick,NNNNNNNNNNNNNNNPNPNNN,1634569249,CMSSW_12_1_X,cms-sw/cmssw
1634560978,NA,35715,1,4,0,5,pmandrik,NNNNNPNNNNNNNNNNNANNN,1634573330,CMSSW_12_1_X,cms-sw/cmssw
1634551329,NA,35714,1,8,0,4,sikler,NNNNNPNNNNNNNNNNNPNNN,1634635092,CMSSW_12_0_X,cms-sw/cmssw
1634540249,NA,35713,1,5,0,6,VinInn,NNNNNNNNNNPNNNNPNRNNN,1634554222,CMSSW_12_1_X,cms-sw/cmssw
1634496044,NA,35711,1,7,0,5,yuanchao,RNNNNNNNNNNNNNNNNANNN,1634645486,CMSSW_12_1_X,cms-sw/cmssw
1634476603,NA,35708,1,4,0,5,guitargeek,NNNNNNNNNNNNNNNPNANNN,1634661155,CMSSW_12_1_X,cms-sw/cmssw
1634387811,NA,35704,1,5,0,5,guitargeek,NNNNNNNNNNNNNNNPNANNN,1634424904,CMSSW_12_1_X,cms-sw/cmssw
1634386565,NA,35701,1,11,0,13,guitargeek,APNNAANNANNNPNNAAANAN,1634615752,CMSSW_12_1_X,cms-sw/cmssw
1634366173,NA,35700,1,7,0,5,mkirsano,NNNNNNNNPNNNNNNNNANNN,1634639551,CMSSW_12_1_X,cms-sw/cmssw
1634325221,NA,35698,1,18,0,7,hqucms,NNNNNNNNNNNNNNNPNANNP,1634643191,CMSSW_12_1_X,cms-sw/cmssw
1634294013,NA,35688,1,6,0,4,pmandrik,NNNNNPNNNNNNNNNNNANNN,1634568565,CMSSW_12_0_X,cms-sw/cmssw
1634277459,NA,35686,1,20,0,8,minxiyang,NNNNNNNNNNNNNPNPNPNNN,1634665859,CMSSW_12_1_X,cms-sw/cmssw
1634259063,NA,35685,1,3,0,7,mmasciov,NNPNNNNNNNNPNNNPNPNNN,1634304994,CMSSW_12_1_X,cms-sw/cmssw
1634255019,NA,35684,1,4,0,5,clemencia,NNNNNNNNNNNNNNNNPPNNN,1634646084,CMSSW_12_1_X,cms-sw/cmssw
1634221853,NA,35679,1,16,0,5,mundim,NNNNNNNNNNNNNNNNPANNN,1634659407,CMSSW_12_1_X,cms-sw/cmssw
1634220234,NA,35678,1,16,0,6,kskovpen,NNNNNNNNNNNNNNPNNAPNN,1634417315,CMSSW_12_1_X,cms-sw/cmssw
1634217397,NA,35674,1,14,0,5,alejands,NNNNNANNNNNNNNNNNANNN,1634653151,CMSSW_12_0_X,cms-sw/cmssw
1634169097,NA,35666,1,22,0,6,dildick,NNNNNANNNNNNPNNNNANNN,1634318839,CMSSW_12_1_X,cms-sw/cmssw
1634145547,NA,35662,1,6,0,5,mandrenguyen,NNNNNNNNNNNNNNNPNANNN,1634227781,CMSSW_12_1_X,cms-sw/cmssw
1634107877,NA,35640,1,21,0,5,azotz,NNNNNNNNNNNPNNNNNPNNN,1634655466,CMSSW_12_1_X,cms-sw/cmssw
1634063704,NA,35633,1,4,0,6,bsunanda,NNNNNNNNNPNNNNNNNPPNN,1634066289,CMSSW_12_1_X,cms-sw/cmssw
1634062701,NA,35632,1,6,0,5,eyigitba,NNNNNNNNNNNNPNNNNANNN,1634581555,CMSSW_12_1_X,cms-sw/cmssw
1634060929,NA,35631,1,59,0,10,MatiXOfficial,ANNNANNNNNNNNPANNAANN,1634653842,CMSSW_12_1_X,cms-sw/cmssw
1634049848,NA,35627,1,21,0,5,dinyar,NNNNNNNNNNNNPNNNNRNNN,1634559816,CMSSW_12_1_X,cms-sw/cmssw
1634003547,NA,35614,1,20,0,9,nurfikri89,NNNNNNNNNNNNNNPANAANR,1634660691,CMSSW_12_1_X,cms-sw/cmssw
1633774663,NA,35598,1,50,0,9,VinInn,PNNNPNNNNNPNNNNPNSNNN,1634659533,CMSSW_12_1_X,cms-sw/cmssw
1633696025,NA,35588,1,10,0,5,makortel,NNPNNNNNNNNNNNNNNRNNN,1633816346,CMSSW_12_1_X,cms-sw/cmssw
1633504794,NA,35554,1,4,0,5,rekovic,NNNNNNNNNNNNPNNNNRNNN,1633508259,CMSSW_12_1_X,cms-sw/cmssw
1633503963,NA,35553,1,4,0,5,rekovic,NNNNNNNNNNNNPNNNNRNNN,1634272040,CMSSW_12_0_X,cms-sw/cmssw
1633467872,NA,35547,1,37,0,5,hbakhshi,NNNNNNNNPNNNNNNNNANNN,1634623231,CMSSW_12_1_X,cms-sw/cmssw
1633442376,NA,35543,1,22,0,5,kakwok,NNNNNNNNNNNNNNNPNANNN,1633689586,CMSSW_12_1_X,cms-sw/cmssw
1633127330,NA,35510,1,6,0,5,makortel,NNPNNNNNNNNNNNNNNANNN,1633157122,CMSSW_12_1_X,cms-sw/cmssw
1633092689,NA,35505,1,10,0,5,Dr15Jones,NNPNNNNNNNNNNNNNNANNN,1634589475,CMSSW_12_1_X,cms-sw/cmssw
1633073852,NA,35501,1,38,0,5,francescobrivio,NNNNNPNNNNNNNNNNNANNN,1634103038,CMSSW_12_1_X,cms-sw/cmssw
1632978020,NA,35481,1,17,0,7,smuzaffar,NNPNNNNNNNNNNNNNNANNN,1633464405,CMSSW_12_1_X,cms-sw/cmssw
1632858501,NA,35461,1,27,0,5,barvic,NNNNNNNNNNNNNNNPNANNN,1634223285,CMSSW_12_1_X,cms-sw/cmssw
1632857517,NA,35460,1,6,0,5,yongbinfeng,NNNNNNNNNNNNNNNNNANNP,1633178495,CMSSW_12_1_X,cms-sw/cmssw
1632833929,NA,35450,1,6,0,5,AliinCern,NNNNNNNNNNPNNNNNNPNNN,1633679491,CMSSW_12_1_X,cms-sw/cmssw
1632402163,NA,35385,1,32,0,6,mmusich,NNNNNNNNNNNPNNNPNRNNN,1634049490,CMSSW_12_1_X,cms-sw/cmssw
1632138114,NA,35342,1,9,0,7,fwyzard,NNNNNNNNNNNPNNPNNRPNN,1632200159,CMSSW_12_1_X,cms-sw/cmssw
1631952299,NA,35330,1,16,0,5,mtosi,NNNNNNNNPNNNNNNNNANNN,1633395873,CMSSW_12_1_X,cms-sw/cmssw
1631727157,NA,35294,1,10,0,5,lathomas,NNNNNNNNNNNNNNNNNANNP,1632988277,CMSSW_12_1_X,cms-sw/cmssw
1631600923,NA,35259,1,47,0,5,bbilin,PNNNNNNNNNNNNNNNNANNN,1634650503,CMSSW_12_1_X,cms-sw/cmssw
1630132405,NA,35058,1,19,0,7,perrotta,NNNNNANNNNNNNNNNNANNN,1633420268,CMSSW_12_1_X,cms-sw/cmssw
1629969359,NA,35028,1,37,0,11,mandrenguyen,NNNNNANNPNNNNPPNPAANN,1634639229,CMSSW_12_1_X,cms-sw/cmssw
1629789217,NA,34991,1,18,0,7,mrodozov,NNPNNNNNNNNNNNNNNANNN,1633741068,CMSSW_12_1_X,cms-sw/cmssw
1628250122,NA,34812,1,25,0,6,lcorcodilos,NNNNNNNPNNNNNNNNNANNN,1631625041,CMSSW_12_1_X,cms-sw/cmssw
1627356329,NA,34640,1,28,0,5,bendavid,NNNNNNNNNNNNNNNRNANNN,1634211188,CMSSW_12_1_X,cms-sw/cmssw
1627240643,NA,34618,1,56,0,7,dan131riley,PNNNNNNNNNPNNNNPNRNNN,1634664681,CMSSW_12_1_X,cms-sw/cmssw
1626893668,NA,34580,1,14,0,5,garvitaa,NNNNNPNNNNNNNNNNNRNNN,1628868544,CMSSW_12_1_X,cms-sw/cmssw
1626697035,NA,34549,1,5,0,5,wpcarvalho,NNNNNNNNNPNNNNNNNRNNN,1627621266,CMSSW_12_1_X,cms-sw/cmssw
1626288463,NA,34490,1,6,0,5,sroychow,NNPNNNNNNNNNNNNNNPNNN,1627621264,CMSSW_12_1_X,cms-sw/cmssw
1623940340,NA,34169,1,22,0,5,mzarucki,NNNNNNNNNNNNNNNNNPNNP,1632720584,CMSSW_12_1_X,cms-sw/cmssw
1619465261,NA,33532,1,20,0,7,mtosi,NNNNNNNNNNNNNPPNNPPNN,1627621251,CMSSW_12_1_X,cms-sw/cmssw
1613016437,NA,32875,1,4,0,5,sroychow,NNNNNPNNNNNNNNNNNPNNN,1627621250,CMSSW_12_1_X,cms-sw/cmssw
1611838568,NA,32763,1,20,0,5,esindril,NNRNNNNNNNNNNNNNNANNN,1629296040,CMSSW_12_1_X,cms-sw/cmssw
1610412286,NA,32632,1,22,0,5,fwyzard,NNNNNNNNNNPNNNNNNRNNN,1627621248,CMSSW_12_1_X,cms-sw/cmssw
1605645236,NA,32167,1,38,0,6,kdlong,NNNNNNNNPNNNNNNNNANNP,1627621247,CMSSW_12_1_X,cms-sw/cmssw
1599594376,NA,31399,1,52,0,7,czkaiweb,NNNNNNNNNNNNNNNPNANNP,1634219778,CMSSW_12_1_X,cms-sw/cmssw
1598892725,NA,31305,1,14,0,6,mrodozov,NNPNNNNNNNNNNNNNNANNN,1627621242,CMSSW_12_1_X,cms-sw/cmssw
1594358313,NA,30629,1,23,0,6,fwyzard,NNPNNNNNNNNNNNNNNANNN,1627621240,CMSSW_12_1_X,cms-sw/cmssw
1594206428,NA,30594,1,111,0,5,andrius-k,NNNNNNPNNNNNNNNNNPNNN,1627621239,CMSSW_12_1_X,cms-sw/cmssw
1634649801,NA,7397,1,2,0,4,iarspider,NNNNNNPNNNNNNNNNNSNNN,1634649825,-,cms-sw/cmsdist
1634015521,NA,7381,1,5,0,5,ddaina,NNNNNNPNNNNNNNNNNANNN,1634058493,-,cms-sw/cmsdist
1633423246,NA,7360,1,14,0,0,amaltaro,NNNNNNNNNNNNNNNNNNNNN,1634616891,-,cms-sw/cmsdist
1633354757,NA,7357,1,17,0,5,mkirsano,NNNNNNANPNNNNNNNNANNN,1634633798,-,cms-sw/cmsdist
1632730595,NA,7333,1,7,0,4,mrodozov,NNNNNNPNNNNNNNNNNANNN,1632834527,-,cms-sw/cmsdist
1632307535,NA,7326,1,9,0,0,amaltaro,NNNNNNNNNNNNNNNNNNNNN,1632743560,-,cms-sw/cmsdist
1631042248,NA,7276,1,16,0,5,mrodozov,NNNNNNPNNNNNNNNNNANNN,1631209299,-,cms-sw/cmsdist
1629789220,NA,7233,1,37,0,6,mrodozov,NNNNNNANNNNNNNNNNANNN,1633444694,-,cms-sw/cmsdist
1629255639,NA,7218,1,14,0,0,amaltaro,NNNNNNNNNNNNNNNNNNNNN,1629462802,-,cms-sw/cmsdist
1628228149,NA,7205,1,2,0,0,amaltaro,NNNNNNNNNNNNNNNNNNNNN,1628246198,-,cms-sw/cmsdist
1621006055,NA,6907,1,16,0,4,cmsbuild,NNNNNNPNNNNNNNNNNPNNN,1627623842,-,cms-sw/cmsdist
1615554304,NA,6726,1,2,0,0,vkuznet,NNNNNNNNNNNNNNNNNNNNN,1615555950,-,cms-sw/cmsdist
1558607084,NA,5004,1,8,0,0,amaltaro,NNNNNNNNNNNNNNNNNNNNN,1571402978,-,cms-sw/cmsdist
1557501682,NA,4956,1,3,0,0,vkuznet,NNNNNNNNNNNNNNNNNNNNN,1571402381,-,cms-sw/cmsdist
1634325146,NA,13,1,1,0,5,hqucms,NNNNNNPNNNNNNNNNNPNNP,1634325172,-,cms-data/PhysicsTools-NanoAOD
1634277162,NA,10,1,6,0,5,minxiyang,NNNNNNPNNNNNNNNPNPNNN,1634593607,-,cms-data/RecoTracker-FinalTrackSelectors
1634122703,NA,7,1,1,0,5,mbluj,NNNNNNPNNNNNNNNPNPNNN,1634122728,-,cms-data/RecoTauTag-TrainingFiles
1629920671,NA,12,1,7,0,5,dildick,NNNNNNPNNNNNPNNNNANNN,1634046192,-,cms-data/L1Trigger-CSCTriggerPrimitives
1628083427,NA,4,1,3,0,5,lcorcodilos,NNNNNNPPNNNNNNNNNANNN,1628107331,-,cms-data/FastSimulation-TrackingRecHitProducer
